DATAFLOW,LAST UPDATE,freq,purpose,duration,c_dest,expend,statinfo,unit,geo,TIME_PERIOD,OBS_VALUE,OBS_FLAG,CONF_STATUS
ESTAT:TIN00196(1.0),08/05/26 23:00:00,Annual,Total,1 night or over,All countries of the world,Total excluding durables and valuable goods,Average per night,Euro,Albania,2017,20.04,,
ESTAT:TIN00196(1.0),08/05/26 23:00:00,Annual,Total,1 night or over,All countries of the world,Total excluding durables and valuable goods,Average per night,Euro,Albania,2019,15.29,,
ESTAT:TIN00196(1.0),08/05/26 23:00:00,Annual,Total,1 night or over,All countries of the world,Total excluding durables and valuable goods,Average per night,Euro,Albania,2020,32.14,,
ESTAT:TIN00196(1.0),08/05/26 23:00:00,Annual,Total,1 night or over,All countries of the world,Total excluding durables and valuable goods,Average per night,Euro,Austria,2013,130.20,,
ESTAT:TIN00196(1.0),08/05/26 23:00:00,Annual,Total,1 night or over,All countries of the world,Total excluding durables and valuable goods,Average per night,Euro,Austria,2014,127.19,,
ESTAT:TIN00196(1.0),08/05/26 23:00:00,Annual,Total,1 night or over,All countries of the world,Total excluding durables and valuable goods,Average per night,Euro,Austria,2015,127.16,,
ESTAT:TIN00196(1.0),08/05/26 23:00:00,Annual,Total,1 night or over,All countries of the world,Total excluding durables and valuable goods,Average per night,Euro,Austria,2016,130.55,,
ESTAT:TIN00196(1.0),08/05/26 23:00:00,Annual,Total,1 night or over,All countries of the world,Total excluding durables and valuable goods,Average per night,Euro,Austria,2017,132.15,,
ESTAT:TIN00196(1.0),08/05/26 23:00:00,Annual,Total,1 night or over,All countries of the world,Total excluding durables and valuable goods,Average per night,Euro,Austria,2018,134.50,,
ESTAT:TIN00196(1.0),08/05/26 23:00:00,Annual,Total,1 night or over,All countries of the world,Total excluding durables and valuable goods,Average per night,Euro,Austria,2019,139.56,,
ESTAT:TIN00196(1.0),08/05/26 23:00:00,Annual,Total,1 night or over,All countries of the world,Total excluding durables and valuable goods,Average per night,Euro,Austria,2020,117.81,,
ESTAT:TIN00196(1.0),08/05/26 23:00:00,Annual,Total,1 night or over,All countries of the world,Total excluding durables and valuable goods,Average per night,Euro,Austria,2021,124.52,,
ESTAT:TIN00196(1.0),08/05/26 23:00:00,Annual,Total,1 night or over,All countries of the world,Total excluding durables and valuable goods,Average per night,Euro,Austria,2022,147.42,,
ESTAT:TIN00196(1.0),08/05/26 23:00:00,Annual,Total,1 night or over,All countries of the world,Total excluding durables and valuable goods,Average per night,Euro,Austria,2023,160.79,,
ESTAT:TIN00196(1.0),08/05/26 23:00:00,Annual,Total,1 night or over,All countries of the world,Total excluding durables and valuable goods,Average per night,Euro,Austria,2024,175.14,,
ESTAT:TIN00196(1.0),08/05/26 23:00:00,Annual,Total,1 night or over,All countries of the world,Total excluding durables and valuable goods,Average per night,Euro,Belgium,2013,96.13,,
ESTAT:TIN00196(1.0),08/05/26 23:00:00,Annual,Total,1 night or over,All countries of the world,Total excluding durables and valuable goods,Average per night,Euro,Belgium,2014,84.61,,
ESTAT:TIN00196(1.0),08/05/26 23:00:00,Annual,Total,1 night or over,All countries of the world,Total excluding durables and valuable goods,Average per night,Euro,Belgium,2015,83.43,,
ESTAT:TIN00196(1.0),08/05/26 23:00:00,Annual,Total,1 night or over,All countries of the world,Total excluding durables and valuable goods,Average per night,Euro,Belgium,2016,89.80,,
ESTAT:TIN00196(1.0),08/05/26 23:00:00,Annual,Total,1 night or over,All countries of the world,Total excluding durables and valuable goods,Average per night,Euro,Belgium,2017,87.47,b,
ESTAT:TIN00196(1.0),08/05/26 23:00:00,Annual,Total,1 night or over,All countries of the world,Total excluding durables and valuable goods,Average per night,Euro,Belgium,2018,81.83,,
ESTAT:TIN00196(1.0),08/05/26 23:00:00,Annual,Total,1 night or over,All countries of the world,Total excluding durables and valuable goods,Average per night,Euro,Belgium,2019,89.43,,
ESTAT:TIN00196(1.0),08/05/26 23:00:00,Annual,Total,1 night or over,All countries of the world,Total excluding durables and valuable goods,Average per night,Euro,Belgium,2020,59.12,,
ESTAT:TIN00196(1.0),08/05/26 23:00:00,Annual,Total,1 night or over,All countries of the world,Total excluding durables and valuable goods,Average per night,Euro,Belgium,2021,63.74,,
ESTAT:TIN00196(1.0),08/05/26 23:00:00,Annual,Total,1 night or over,All countries of the world,Total excluding durables and valuable goods,Average per night,Euro,Belgium,2022,89.00,,
ESTAT:TIN00196(1.0),08/05/26 23:00:00,Annual,Total,1 night or over,All countries of the world,Total excluding durables and valuable goods,Average per night,Euro,Belgium,2023,96.71,,
ESTAT:TIN00196(1.0),08/05/26 23:00:00,Annual,Total,1 night or over,All countries of the world,Total excluding durables and valuable goods,Average per night,Euro,Belgium,2024,102.15,,
ESTAT:TIN00196(1.0),08/05/26 23:00:00,Annual,Total,1 night or over,All countries of the world,Total excluding durables and valuable goods,Average per night,Euro,Bulgaria,2013,28.54,,
ESTAT:TIN00196(1.0),08/05/26 23:00:00,Annual,Total,1 night or over,All countries of the world,Total excluding durables and valuable goods,Average per night,Euro,Bulgaria,2014,35.23,,
ESTAT:TIN00196(1.0),08/05/26 23:00:00,Annual,Total,1 night or over,All countries of the world,Total excluding durables and valuable goods,Average per night,Euro,Bulgaria,2015,36.29,,
ESTAT:TIN00196(1.0),08/05/26 23:00:00,Annual,Total,1 night or over,All countries of the world,Total excluding durables and valuable goods,Average per night,Euro,Bulgaria,2016,36.52,,
ESTAT:TIN00196(1.0),08/05/26 23:00:00,Annual,Total,1 night or over,All countries of the world,Total excluding durables and valuable goods,Average per night,Euro,Bulgaria,2017,36.78,,
ESTAT:TIN00196(1.0),08/05/26 23:00:00,Annual,Total,1 night or over,All countries of the world,Total excluding durables and valuable goods,Average per night,Euro,Bulgaria,2018,37.12,,
ESTAT:TIN00196(1.0),08/05/26 23:00:00,Annual,Total,1 night or over,All countries of the world,Total excluding durables and valuable goods,Average per night,Euro,Bulgaria,2019,42.74,,
ESTAT:TIN00196(1.0),08/05/26 23:00:00,Annual,Total,1 night or over,All countries of the world,Total excluding durables and valuable goods,Average per night,Euro,Bulgaria,2020,45.34,,
ESTAT:TIN00196(1.0),08/05/26 23:00:00,Annual,Total,1 night or over,All countries of the world,Total excluding durables and valuable goods,Average per night,Euro,Bulgaria,2021,50.05,,
ESTAT:TIN00196(1.0),08/05/26 23:00:00,Annual,Total,1 night or over,All countries of the world,Total excluding durables and valuable goods,Average per night,Euro,Bulgaria,2022,69.08,,
ESTAT:TIN00196(1.0),08/05/26 23:00:00,Annual,Total,1 night or over,All countries of the world,Total excluding durables and valuable goods,Average per night,Euro,Bulgaria,2023,68.84,,
ESTAT:TIN00196(1.0),08/05/26 23:00:00,Annual,Total,1 night or over,All countries of the world,Total excluding durables and valuable goods,Average per night,Euro,Bulgaria,2024,82.57,,
ESTAT:TIN00196(1.0),08/05/26 23:00:00,Annual,Total,1 night or over,All countries of the world,Total excluding durables and valuable goods,Average per night,Euro,Switzerland,2013,117.28,,
ESTAT:TIN00196(1.0),08/05/26 23:00:00,Annual,Total,1 night or over,All countries of the world,Total excluding durables and valuable goods,Average per night,Euro,Switzerland,2014,105.89,,
ESTAT:TIN00196(1.0),08/05/26 23:00:00,Annual,Total,1 night or over,All countries of the world,Total excluding durables and valuable goods,Average per night,Euro,Switzerland,2015,119.68,,
ESTAT:TIN00196(1.0),08/05/26 23:00:00,Annual,Total,1 night or over,All countries of the world,Total excluding durables and valuable goods,Average per night,Euro,Switzerland,2016,120.67,,
ESTAT:TIN00196(1.0),08/05/26 23:00:00,Annual,Total,1 night or over,All countries of the world,Total excluding durables and valuable goods,Average per night,Euro,Switzerland,2017,113.23,,
ESTAT:TIN00196(1.0),08/05/26 23:00:00,Annual,Total,1 night or over,All countries of the world,Total excluding durables and valuable goods,Average per night,Euro,Switzerland,2018,115.08,,
ESTAT:TIN00196(1.0),08/05/26 23:00:00,Annual,Total,1 night or over,All countries of the world,Total excluding durables and valuable goods,Average per night,Euro,Switzerland,2019,115.49,,
ESTAT:TIN00196(1.0),08/05/26 23:00:00,Annual,Total,1 night or over,All countries of the world,Total excluding durables and valuable goods,Average per night,Euro,Switzerland,2020,89.71,,
ESTAT:TIN00196(1.0),08/05/26 23:00:00,Annual,Total,1 night or over,All countries of the world,Total excluding durables and valuable goods,Average per night,Euro,Switzerland,2021,107.99,,
ESTAT:TIN00196(1.0),08/05/26 23:00:00,Annual,Total,1 night or over,All countries of the world,Total excluding durables and valuable goods,Average per night,Euro,Switzerland,2022,130.65,,
ESTAT:TIN00196(1.0),08/05/26 23:00:00,Annual,Total,1 night or over,All countries of the world,Total excluding durables and valuable goods,Average per night,Euro,Cyprus,2013,71.39,,
ESTAT:TIN00196(1.0),08/05/26 23:00:00,Annual,Total,1 night or over,All countries of the world,Total excluding durables and valuable goods,Average per night,Euro,Cyprus,2014,70.16,,
ESTAT:TIN00196(1.0),08/05/26 23:00:00,Annual,Total,1 night or over,All countries of the world,Total excluding durables and valuable goods,Average per night,Euro,Cyprus,2015,75.23,,
ESTAT:TIN00196(1.0),08/05/26 23:00:00,Annual,Total,1 night or over,All countries of the world,Total excluding durables and valuable goods,Average per night,Euro,Cyprus,2016,82.89,,
ESTAT:TIN00196(1.0),08/05/26 23:00:00,Annual,Total,1 night or over,All countries of the world,Total excluding durables and valuable goods,Average per night,Euro,Cyprus,2017,93.70,,
ESTAT:TIN00196(1.0),08/05/26 23:00:00,Annual,Total,1 night or over,All countries of the world,Total excluding durables and valuable goods,Average per night,Euro,Cyprus,2018,107.03,,
ESTAT:TIN00196(1.0),08/05/26 23:00:00,Annual,Total,1 night or over,All countries of the world,Total excluding durables and valuable goods,Average per night,Euro,Cyprus,2019,110.89,,
ESTAT:TIN00196(1.0),08/05/26 23:00:00,Annual,Total,1 night or over,All countries of the world,Total excluding durables and valuable goods,Average per night,Euro,Cyprus,2020,70.09,,
ESTAT:TIN00196(1.0),08/05/26 23:00:00,Annual,Total,1 night or over,All countries of the world,Total excluding durables and valuable goods,Average per night,Euro,Cyprus,2021,75.38,,
ESTAT:TIN00196(1.0),08/05/26 23:00:00,Annual,Total,1 night or over,All countries of the world,Total excluding durables and valuable goods,Average per night,Euro,Cyprus,2022,120.12,,
ESTAT:TIN00196(1.0),08/05/26 23:00:00,Annual,Total,1 night or over,All countries of the world,Total excluding durables and valuable goods,Average per night,Euro,Cyprus,2023,135.04,,
ESTAT:TIN00196(1.0),08/05/26 23:00:00,Annual,Total,1 night or over,All countries of the world,Total excluding durables and valuable goods,Average per night,Euro,Cyprus,2024,131.60,,
ESTAT:TIN00196(1.0),08/05/26 23:00:00,Annual,Total,1 night or over,All countries of the world,Total excluding durables and valuable goods,Average per night,Euro,Czechia,2013,30.31,,
ESTAT:TIN00196(1.0),08/05/26 23:00:00,Annual,Total,1 night or over,All countries of the world,Total excluding durables and valuable goods,Average per night,Euro,Czechia,2014,26.58,,
ESTAT:TIN00196(1.0),08/05/26 23:00:00,Annual,Total,1 night or over,All countries of the world,Total excluding durables and valuable goods,Average per night,Euro,Czechia,2015,31.54,,
ESTAT:TIN00196(1.0),08/05/26 23:00:00,Annual,Total,1 night or over,All countries of the world,Total excluding durables and valuable goods,Average per night,Euro,Czechia,2016,31.90,,
ESTAT:TIN00196(1.0),08/05/26 23:00:00,Annual,Total,1 night or over,All countries of the world,Total excluding durables and valuable goods,Average per night,Euro,Czechia,2017,34.16,,
ESTAT:TIN00196(1.0),08/05/26 23:00:00,Annual,Total,1 night or over,All countries of the world,Total excluding durables and valuable goods,Average per night,Euro,Czechia,2018,38.52,,
ESTAT:TIN00196(1.0),08/05/26 23:00:00,Annual,Total,1 night or over,All countries of the world,Total excluding durables and valuable goods,Average per night,Euro,Czechia,2019,37.67,,
ESTAT:TIN00196(1.0),08/05/26 23:00:00,Annual,Total,1 night or over,All countries of the world,Total excluding durables and valuable goods,Average per night,Euro,Czechia,2020,25.92,,
ESTAT:TIN00196(1.0),08/05/26 23:00:00,Annual,Total,1 night or over,All countries of the world,Total excluding durables and valuable goods,Average per night,Euro,Czechia,2021,31.61,,
ESTAT:TIN00196(1.0),08/05/26 23:00:00,Annual,Total,1 night or over,All countries of the world,Total excluding durables and valuable goods,Average per night,Euro,Czechia,2022,46.28,,
ESTAT:TIN00196(1.0),08/05/26 23:00:00,Annual,Total,1 night or over,All countries of the world,Total excluding durables and valuable goods,Average per night,Euro,Czechia,2023,56.45,,
ESTAT:TIN00196(1.0),08/05/26 23:00:00,Annual,Total,1 night or over,All countries of the world,Total excluding durables and valuable goods,Average per night,Euro,Czechia,2024,55.97,,
ESTAT:TIN00196(1.0),08/05/26 23:00:00,Annual,Total,1 night or over,All countries of the world,Total excluding durables and valuable goods,Average per night,Euro,Germany,2013,91.99,,
ESTAT:TIN00196(1.0),08/05/26 23:00:00,Annual,Total,1 night or over,All countries of the world,Total excluding durables and valuable goods,Average per night,Euro,Germany,2014,85.67,,
ESTAT:TIN00196(1.0),08/05/26 23:00:00,Annual,Total,1 night or over,All countries of the world,Total excluding durables and valuable goods,Average per night,Euro,Germany,2015,87.28,,
ESTAT:TIN00196(1.0),08/05/26 23:00:00,Annual,Total,1 night or over,All countries of the world,Total excluding durables and valuable goods,Average per night,Euro,Germany,2016,88.30,,
ESTAT:TIN00196(1.0),08/05/26 23:00:00,Annual,Total,1 night or over,All countries of the world,Total excluding durables and valuable goods,Average per night,Euro,Germany,2017,95.53,,
ESTAT:TIN00196(1.0),08/05/26 23:00:00,Annual,Total,1 night or over,All countries of the world,Total excluding durables and valuable goods,Average per night,Euro,Germany,2018,111.34,,
ESTAT:TIN00196(1.0),08/05/26 23:00:00,Annual,Total,1 night or over,All countries of the world,Total excluding durables and valuable goods,Average per night,Euro,Germany,2019,105.61,,
ESTAT:TIN00196(1.0),08/05/26 23:00:00,Annual,Total,1 night or over,All countries of the world,Total excluding durables and valuable goods,Average per night,Euro,Germany,2020,78.29,,
ESTAT:TIN00196(1.0),08/05/26 23:00:00,Annual,Total,1 night or over,All countries of the world,Total excluding durables and valuable goods,Average per night,Euro,Germany,2021,89.69,,
ESTAT:TIN00196(1.0),08/05/26 23:00:00,Annual,Total,1 night or over,All countries of the world,Total excluding durables and valuable goods,Average per night,Euro,Germany,2022,116.21,,
ESTAT:TIN00196(1.0),08/05/26 23:00:00,Annual,Total,1 night or over,All countries of the world,Total excluding durables and valuable goods,Average per night,Euro,Germany,2023,125.07,,
ESTAT:TIN00196(1.0),08/05/26 23:00:00,Annual,Total,1 night or over,All countries of the world,Total excluding durables and valuable goods,Average per night,Euro,Germany,2024,129.48,,
ESTAT:TIN00196(1.0),08/05/26 23:00:00,Annual,Total,1 night or over,All countries of the world,Total excluding durables and valuable goods,Average per night,Euro,Denmark,2013,94.54,b,
ESTAT:TIN00196(1.0),08/05/26 23:00:00,Annual,Total,1 night or over,All countries of the world,Total excluding durables and valuable goods,Average per night,Euro,Denmark,2014,105.24,b,
ESTAT:TIN00196(1.0),08/05/26 23:00:00,Annual,Total,1 night or over,All countries of the world,Total excluding durables and valuable goods,Average per night,Euro,Denmark,2015,91.84,,
ESTAT:TIN00196(1.0),08/05/26 23:00:00,Annual,Total,1 night or over,All countries of the world,Total excluding durables and valuable goods,Average per night,Euro,Denmark,2016,119.55,,
ESTAT:TIN00196(1.0),08/05/26 23:00:00,Annual,Total,1 night or over,All countries of the world,Total excluding durables and valuable goods,Average per night,Euro,Denmark,2017,161.88,,
ESTAT:TIN00196(1.0),08/05/26 23:00:00,Annual,Total,1 night or over,All countries of the world,Total excluding durables and valuable goods,Average per night,Euro,Denmark,2018,172.07,,
ESTAT:TIN00196(1.0),08/05/26 23:00:00,Annual,Total,1 night or over,All countries of the world,Total excluding durables and valuable goods,Average per night,Euro,Denmark,2019,120.18,,
ESTAT:TIN00196(1.0),08/05/26 23:00:00,Annual,Total,1 night or over,All countries of the world,Total excluding durables and valuable goods,Average per night,Euro,Denmark,2020,80.08,,
ESTAT:TIN00196(1.0),08/05/26 23:00:00,Annual,Total,1 night or over,All countries of the world,Total excluding durables and valuable goods,Average per night,Euro,Denmark,2021,81.47,,
ESTAT:TIN00196(1.0),08/05/26 23:00:00,Annual,Total,1 night or over,All countries of the world,Total excluding durables and valuable goods,Average per night,Euro,Denmark,2022,101.23,,
ESTAT:TIN00196(1.0),08/05/26 23:00:00,Annual,Total,1 night or over,All countries of the world,Total excluding durables and valuable goods,Average per night,Euro,Denmark,2023,105.67,,
ESTAT:TIN00196(1.0),08/05/26 23:00:00,Annual,Total,1 night or over,All countries of the world,Total excluding durables and valuable goods,Average per night,Euro,Denmark,2024,85.33,,
ESTAT:TIN00196(1.0),08/05/26 23:00:00,Annual,Total,1 night or over,All countries of the world,Total excluding durables and valuable goods,Average per night,Euro,Estonia,2013,55.95,,
ESTAT:TIN00196(1.0),08/05/26 23:00:00,Annual,Total,1 night or over,All countries of the world,Total excluding durables and valuable goods,Average per night,Euro,Estonia,2014,60.79,,
ESTAT:TIN00196(1.0),08/05/26 23:00:00,Annual,Total,1 night or over,All countries of the world,Total excluding durables and valuable goods,Average per night,Euro,Estonia,2015,60.31,,
ESTAT:TIN00196(1.0),08/05/26 23:00:00,Annual,Total,1 night or over,All countries of the world,Total excluding durables and valuable goods,Average per night,Euro,Estonia,2016,67.92,,
ESTAT:TIN00196(1.0),08/05/26 23:00:00,Annual,Total,1 night or over,All countries of the world,Total excluding durables and valuable goods,Average per night,Euro,Estonia,2017,73.20,,
ESTAT:TIN00196(1.0),08/05/26 23:00:00,Annual,Total,1 night or over,All countries of the world,Total excluding durables and valuable goods,Average per night,Euro,Estonia,2018,102.60,,
ESTAT:TIN00196(1.0),08/05/26 23:00:00,Annual,Total,1 night or over,All countries of the world,Total excluding durables and valuable goods,Average per night,Euro,Estonia,2019,110.13,,
ESTAT:TIN00196(1.0),08/05/26 23:00:00,Annual,Total,1 night or over,All countries of the world,Total excluding durables and valuable goods,Average per night,Euro,Estonia,2020,87.48,,
ESTAT:TIN00196(1.0),08/05/26 23:00:00,Annual,Total,1 night or over,All countries of the world,Total excluding durables and valuable goods,Average per night,Euro,Estonia,2021,91.20,,
ESTAT:TIN00196(1.0),08/05/26 23:00:00,Annual,Total,1 night or over,All countries of the world,Total excluding durables and valuable goods,Average per night,Euro,Estonia,2022,128.16,,
ESTAT:TIN00196(1.0),08/05/26 23:00:00,Annual,Total,1 night or over,All countries of the world,Total excluding durables and valuable goods,Average per night,Euro,Estonia,2023,133.25,,
ESTAT:TIN00196(1.0),08/05/26 23:00:00,Annual,Total,1 night or over,All countries of the world,Total excluding durables and valuable goods,Average per night,Euro,Estonia,2024,133.13,,
ESTAT:TIN00196(1.0),08/05/26 23:00:00,Annual,Total,1 night or over,All countries of the world,Total excluding durables and valuable goods,Average per night,Euro,Greece,2013,29.02,,
ESTAT:TIN00196(1.0),08/05/26 23:00:00,Annual,Total,1 night or over,All countries of the world,Total excluding durables and valuable goods,Average per night,Euro,Greece,2014,28.51,,
ESTAT:TIN00196(1.0),08/05/26 23:00:00,Annual,Total,1 night or over,All countries of the world,Total excluding durables and valuable goods,Average per night,Euro,Greece,2015,29.70,,
ESTAT:TIN00196(1.0),08/05/26 23:00:00,Annual,Total,1 night or over,All countries of the world,Total excluding durables and valuable goods,Average per night,Euro,Greece,2016,32.03,,
ESTAT:TIN00196(1.0),08/05/26 23:00:00,Annual,Total,1 night or over,All countries of the world,Total excluding durables and valuable goods,Average per night,Euro,Greece,2017,30.98,,
ESTAT:TIN00196(1.0),08/05/26 23:00:00,Annual,Total,1 night or over,All countries of the world,Total excluding durables and valuable goods,Average per night,Euro,Greece,2018,33.74,,
ESTAT:TIN00196(1.0),08/05/26 23:00:00,Annual,Total,1 night or over,All countries of the world,Total excluding durables and valuable goods,Average per night,Euro,Greece,2019,36.69,,
ESTAT:TIN00196(1.0),08/05/26 23:00:00,Annual,Total,1 night or over,All countries of the world,Total excluding durables and valuable goods,Average per night,Euro,Greece,2020,29.36,,
ESTAT:TIN00196(1.0),08/05/26 23:00:00,Annual,Total,1 night or over,All countries of the world,Total excluding durables and valuable goods,Average per night,Euro,Greece,2021,33.49,,
ESTAT:TIN00196(1.0),08/05/26 23:00:00,Annual,Total,1 night or over,All countries of the world,Total excluding durables and valuable goods,Average per night,Euro,Greece,2022,44.92,,
ESTAT:TIN00196(1.0),08/05/26 23:00:00,Annual,Total,1 night or over,All countries of the world,Total excluding durables and valuable goods,Average per night,Euro,Greece,2023,48.05,,
ESTAT:TIN00196(1.0),08/05/26 23:00:00,Annual,Total,1 night or over,All countries of the world,Total excluding durables and valuable goods,Average per night,Euro,Greece,2024,49.41,,
ESTAT:TIN00196(1.0),08/05/26 23:00:00,Annual,Total,1 night or over,All countries of the world,Total excluding durables and valuable goods,Average per night,Euro,Spain,2013,38.32,,
ESTAT:TIN00196(1.0),08/05/26 23:00:00,Annual,Total,1 night or over,All countries of the world,Total excluding durables and valuable goods,Average per night,Euro,Spain,2014,39.12,,
ESTAT:TIN00196(1.0),08/05/26 23:00:00,Annual,Total,1 night or over,All countries of the world,Total excluding durables and valuable goods,Average per night,Euro,Spain,2015,53.77,b,
ESTAT:TIN00196(1.0),08/05/26 23:00:00,Annual,Total,1 night or over,All countries of the world,Total excluding durables and valuable goods,Average per night,Euro,Spain,2016,57.95,,
ESTAT:TIN00196(1.0),08/05/26 23:00:00,Annual,Total,1 night or over,All countries of the world,Total excluding durables and valuable goods,Average per night,Euro,Spain,2017,60.46,,
ESTAT:TIN00196(1.0),08/05/26 23:00:00,Annual,Total,1 night or over,All countries of the world,Total excluding durables and valuable goods,Average per night,Euro,Spain,2018,64.72,,
ESTAT:TIN00196(1.0),08/05/26 23:00:00,Annual,Total,1 night or over,All countries of the world,Total excluding durables and valuable goods,Average per night,Euro,Spain,2019,66.00,,
ESTAT:TIN00196(1.0),08/05/26 23:00:00,Annual,Total,1 night or over,All countries of the world,Total excluding durables and valuable goods,Average per night,Euro,Spain,2020,45.57,,
ESTAT:TIN00196(1.0),08/05/26 23:00:00,Annual,Total,1 night or over,All countries of the world,Total excluding durables and valuable goods,Average per night,Euro,Spain,2021,55.23,,
ESTAT:TIN00196(1.0),08/05/26 23:00:00,Annual,Total,1 night or over,All countries of the world,Total excluding durables and valuable goods,Average per night,Euro,Spain,2022,71.74,,
ESTAT:TIN00196(1.0),08/05/26 23:00:00,Annual,Total,1 night or over,All countries of the world,Total excluding durables and valuable goods,Average per night,Euro,Spain,2023,80.12,,
ESTAT:TIN00196(1.0),08/05/26 23:00:00,Annual,Total,1 night or over,All countries of the world,Total excluding durables and valuable goods,Average per night,Euro,Spain,2024,83.75,,
ESTAT:TIN00196(1.0),08/05/26 23:00:00,Annual,Total,1 night or over,All countries of the world,Total excluding durables and valuable goods,Average per night,Euro,European Union - 27 countries (from 2020),2013,66.44,e,
ESTAT:TIN00196(1.0),08/05/26 23:00:00,Annual,Total,1 night or over,All countries of the world,Total excluding durables and valuable goods,Average per night,Euro,European Union - 27 countries (from 2020),2014,64.59,,
ESTAT:TIN00196(1.0),08/05/26 23:00:00,Annual,Total,1 night or over,All countries of the world,Total excluding durables and valuable goods,Average per night,Euro,European Union - 27 countries (from 2020),2015,68.05,,
ESTAT:TIN00196(1.0),08/05/26 23:00:00,Annual,Total,1 night or over,All countries of the world,Total excluding durables and valuable goods,Average per night,Euro,European Union - 27 countries (from 2020),2016,70.00,,
ESTAT:TIN00196(1.0),08/05/26 23:00:00,Annual,Total,1 night or over,All countries of the world,Total excluding durables and valuable goods,Average per night,Euro,European Union - 27 countries (from 2020),2017,80.92,,
ESTAT:TIN00196(1.0),08/05/26 23:00:00,Annual,Total,1 night or over,All countries of the world,Total excluding durables and valuable goods,Average per night,Euro,European Union - 27 countries (from 2020),2018,85.87,,
ESTAT:TIN00196(1.0),08/05/26 23:00:00,Annual,Total,1 night or over,All countries of the world,Total excluding durables and valuable goods,Average per night,Euro,European Union - 27 countries (from 2020),2019,83.87,,
ESTAT:TIN00196(1.0),08/05/26 23:00:00,Annual,Total,1 night or over,All countries of the world,Total excluding durables and valuable goods,Average per night,Euro,European Union - 27 countries (from 2020),2020,61.60,,
ESTAT:TIN00196(1.0),08/05/26 23:00:00,Annual,Total,1 night or over,All countries of the world,Total excluding durables and valuable goods,Average per night,Euro,European Union - 27 countries (from 2020),2021,68.14,,
ESTAT:TIN00196(1.0),08/05/26 23:00:00,Annual,Total,1 night or over,All countries of the world,Total excluding durables and valuable goods,Average per night,Euro,European Union - 27 countries (from 2020),2022,88.89,,
ESTAT:TIN00196(1.0),08/05/26 23:00:00,Annual,Total,1 night or over,All countries of the world,Total excluding durables and valuable goods,Average per night,Euro,European Union - 27 countries (from 2020),2023,97.17,e,
ESTAT:TIN00196(1.0),08/05/26 23:00:00,Annual,Total,1 night or over,All countries of the world,Total excluding durables and valuable goods,Average per night,Euro,European Union - 27 countries (from 2020),2024,103.77,,
ESTAT:TIN00196(1.0),08/05/26 23:00:00,Annual,Total,1 night or over,All countries of the world,Total excluding durables and valuable goods,Average per night,Euro,Finland,2013,101.48,,
ESTAT:TIN00196(1.0),08/05/26 23:00:00,Annual,Total,1 night or over,All countries of the world,Total excluding durables and valuable goods,Average per night,Euro,Finland,2014,101.25,,
ESTAT:TIN00196(1.0),08/05/26 23:00:00,Annual,Total,1 night or over,All countries of the world,Total excluding durables and valuable goods,Average per night,Euro,Finland,2015,103.33,,
ESTAT:TIN00196(1.0),08/05/26 23:00:00,Annual,Total,1 night or over,All countries of the world,Total excluding durables and valuable goods,Average per night,Euro,Finland,2016,101.56,,
ESTAT:TIN00196(1.0),08/05/26 23:00:00,Annual,Total,1 night or over,All countries of the world,Total excluding durables and valuable goods,Average per night,Euro,Finland,2017,101.50,,
ESTAT:TIN00196(1.0),08/05/26 23:00:00,Annual,Total,1 night or over,All countries of the world,Total excluding durables and valuable goods,Average per night,Euro,Finland,2018,108.71,,
ESTAT:TIN00196(1.0),08/05/26 23:00:00,Annual,Total,1 night or over,All countries of the world,Total excluding durables and valuable goods,Average per night,Euro,Finland,2019,99.33,,
ESTAT:TIN00196(1.0),08/05/26 23:00:00,Annual,Total,1 night or over,All countries of the world,Total excluding durables and valuable goods,Average per night,Euro,Finland,2020,59.00,,
ESTAT:TIN00196(1.0),08/05/26 23:00:00,Annual,Total,1 night or over,All countries of the world,Total excluding durables and valuable goods,Average per night,Euro,Finland,2021,56.85,,
ESTAT:TIN00196(1.0),08/05/26 23:00:00,Annual,Total,1 night or over,All countries of the world,Total excluding durables and valuable goods,Average per night,Euro,Finland,2022,90.25,,
ESTAT:TIN00196(1.0),08/05/26 23:00:00,Annual,Total,1 night or over,All countries of the world,Total excluding durables and valuable goods,Average per night,Euro,Finland,2023,101.71,,
ESTAT:TIN00196(1.0),08/05/26 23:00:00,Annual,Total,1 night or over,All countries of the world,Total excluding durables and valuable goods,Average per night,Euro,Finland,2024,98.50,,
ESTAT:TIN00196(1.0),08/05/26 23:00:00,Annual,Total,1 night or over,All countries of the world,Total excluding durables and valuable goods,Average per night,Euro,France,2013,61.30,,
ESTAT:TIN00196(1.0),08/05/26 23:00:00,Annual,Total,1 night or over,All countries of the world,Total excluding durables and valuable goods,Average per night,Euro,France,2014,63.11,,
ESTAT:TIN00196(1.0),08/05/26 23:00:00,Annual,Total,1 night or over,All countries of the world,Total excluding durables and valuable goods,Average per night,Euro,France,2015,63.19,,
ESTAT:TIN00196(1.0),08/05/26 23:00:00,Annual,Total,1 night or over,All countries of the world,Total excluding durables and valuable goods,Average per night,Euro,France,2016,65.05,,
ESTAT:TIN00196(1.0),08/05/26 23:00:00,Annual,Total,1 night or over,All countries of the world,Total excluding durables and valuable goods,Average per night,Euro,France,2017,72.82,,
ESTAT:TIN00196(1.0),08/05/26 23:00:00,Annual,Total,1 night or over,All countries of the world,Total excluding durables and valuable goods,Average per night,Euro,France,2018,76.14,,
ESTAT:TIN00196(1.0),08/05/26 23:00:00,Annual,Total,1 night or over,All countries of the world,Total excluding durables and valuable goods,Average per night,Euro,France,2019,75.92,,
ESTAT:TIN00196(1.0),08/05/26 23:00:00,Annual,Total,1 night or over,All countries of the world,Total excluding durables and valuable goods,Average per night,Euro,France,2020,64.62,,
ESTAT:TIN00196(1.0),08/05/26 23:00:00,Annual,Total,1 night or over,All countries of the world,Total excluding durables and valuable goods,Average per night,Euro,France,2021,67.75,,
ESTAT:TIN00196(1.0),08/05/26 23:00:00,Annual,Total,1 night or over,All countries of the world,Total excluding durables and valuable goods,Average per night,Euro,France,2022,83.74,,
ESTAT:TIN00196(1.0),08/05/26 23:00:00,Annual,Total,1 night or over,All countries of the world,Total excluding durables and valuable goods,Average per night,Euro,France,2023,86.68,,
ESTAT:TIN00196(1.0),08/05/26 23:00:00,Annual,Total,1 night or over,All countries of the world,Total excluding durables and valuable goods,Average per night,Euro,France,2024,91.12,,
ESTAT:TIN00196(1.0),08/05/26 23:00:00,Annual,Total,1 night or over,All countries of the world,Total excluding durables and valuable goods,Average per night,Euro,Croatia,2013,42.71,,
ESTAT:TIN00196(1.0),08/05/26 23:00:00,Annual,Total,1 night or over,All countries of the world,Total excluding durables and valuable goods,Average per night,Euro,Croatia,2014,39.11,,
ESTAT:TIN00196(1.0),08/05/26 23:00:00,Annual,Total,1 night or over,All countries of the world,Total excluding durables and valuable goods,Average per night,Euro,Croatia,2015,46.35,,
ESTAT:TIN00196(1.0),08/05/26 23:00:00,Annual,Total,1 night or over,All countries of the world,Total excluding durables and valuable goods,Average per night,Euro,Croatia,2016,45.71,,
ESTAT:TIN00196(1.0),08/05/26 23:00:00,Annual,Total,1 night or over,All countries of the world,Total excluding durables and valuable goods,Average per night,Euro,Croatia,2017,49.94,,
ESTAT:TIN00196(1.0),08/05/26 23:00:00,Annual,Total,1 night or over,All countries of the world,Total excluding durables and valuable goods,Average per night,Euro,Croatia,2018,56.53,,
ESTAT:TIN00196(1.0),08/05/26 23:00:00,Annual,Total,1 night or over,All countries of the world,Total excluding durables and valuable goods,Average per night,Euro,Croatia,2019,52.09,,
ESTAT:TIN00196(1.0),08/05/26 23:00:00,Annual,Total,1 night or over,All countries of the world,Total excluding durables and valuable goods,Average per night,Euro,Croatia,2020,36.49,,
ESTAT:TIN00196(1.0),08/05/26 23:00:00,Annual,Total,1 night or over,All countries of the world,Total excluding durables and valuable goods,Average per night,Euro,Croatia,2021,43.02,,
ESTAT:TIN00196(1.0),08/05/26 23:00:00,Annual,Total,1 night or over,All countries of the world,Total excluding durables and valuable goods,Average per night,Euro,Croatia,2022,56.53,,
ESTAT:TIN00196(1.0),08/05/26 23:00:00,Annual,Total,1 night or over,All countries of the world,Total excluding durables and valuable goods,Average per night,Euro,Croatia,2023,67.46,,
ESTAT:TIN00196(1.0),08/05/26 23:00:00,Annual,Total,1 night or over,All countries of the world,Total excluding durables and valuable goods,Average per night,Euro,Croatia,2024,83.49,,
ESTAT:TIN00196(1.0),08/05/26 23:00:00,Annual,Total,1 night or over,All countries of the world,Total excluding durables and valuable goods,Average per night,Euro,Hungary,2013,33.08,,
ESTAT:TIN00196(1.0),08/05/26 23:00:00,Annual,Total,1 night or over,All countries of the world,Total excluding durables and valuable goods,Average per night,Euro,Hungary,2014,36.71,,
ESTAT:TIN00196(1.0),08/05/26 23:00:00,Annual,Total,1 night or over,All countries of the world,Total excluding durables and valuable goods,Average per night,Euro,Hungary,2015,38.55,,
ESTAT:TIN00196(1.0),08/05/26 23:00:00,Annual,Total,1 night or over,All countries of the world,Total excluding durables and valuable goods,Average per night,Euro,Hungary,2016,41.19,,
ESTAT:TIN00196(1.0),08/05/26 23:00:00,Annual,Total,1 night or over,All countries of the world,Total excluding durables and valuable goods,Average per night,Euro,Hungary,2017,44.86,,
ESTAT:TIN00196(1.0),08/05/26 23:00:00,Annual,Total,1 night or over,All countries of the world,Total excluding durables and valuable goods,Average per night,Euro,Hungary,2018,43.39,,
ESTAT:TIN00196(1.0),08/05/26 23:00:00,Annual,Total,1 night or over,All countries of the world,Total excluding durables and valuable goods,Average per night,Euro,Hungary,2019,42.14,,
ESTAT:TIN00196(1.0),08/05/26 23:00:00,Annual,Total,1 night or over,All countries of the world,Total excluding durables and valuable goods,Average per night,Euro,Hungary,2020,37.82,,
ESTAT:TIN00196(1.0),08/05/26 23:00:00,Annual,Total,1 night or over,All countries of the world,Total excluding durables and valuable goods,Average per night,Euro,Hungary,2021,40.91,,
ESTAT:TIN00196(1.0),08/05/26 23:00:00,Annual,Total,1 night or over,All countries of the world,Total excluding durables and valuable goods,Average per night,Euro,Hungary,2022,52.22,,
ESTAT:TIN00196(1.0),08/05/26 23:00:00,Annual,Total,1 night or over,All countries of the world,Total excluding durables and valuable goods,Average per night,Euro,Hungary,2023,70.44,,
ESTAT:TIN00196(1.0),08/05/26 23:00:00,Annual,Total,1 night or over,All countries of the world,Total excluding durables and valuable goods,Average per night,Euro,Hungary,2024,73.79,,
ESTAT:TIN00196(1.0),08/05/26 23:00:00,Annual,Total,1 night or over,All countries of the world,Total excluding durables and valuable goods,Average per night,Euro,Ireland,2013,96.49,,
ESTAT:TIN00196(1.0),08/05/26 23:00:00,Annual,Total,1 night or over,All countries of the world,Total excluding durables and valuable goods,Average per night,Euro,Ireland,2014,99.42,,
ESTAT:TIN00196(1.0),08/05/26 23:00:00,Annual,Total,1 night or over,All countries of the world,Total excluding durables and valuable goods,Average per night,Euro,Ireland,2015,106.38,,
ESTAT:TIN00196(1.0),08/05/26 23:00:00,Annual,Total,1 night or over,All countries of the world,Total excluding durables and valuable goods,Average per night,Euro,Ireland,2016,108.16,,
ESTAT:TIN00196(1.0),08/05/26 23:00:00,Annual,Total,1 night or over,All countries of the world,Total excluding durables and valuable goods,Average per night,Euro,Ireland,2017,112.16,,
ESTAT:TIN00196(1.0),08/05/26 23:00:00,Annual,Total,1 night or over,All countries of the world,Total excluding durables and valuable goods,Average per night,Euro,Ireland,2018,112.71,,
ESTAT:TIN00196(1.0),08/05/26 23:00:00,Annual,Total,1 night or over,All countries of the world,Total excluding durables and valuable goods,Average per night,Euro,Ireland,2019,116.52,,
ESTAT:TIN00196(1.0),08/05/26 23:00:00,Annual,Total,1 night or over,All countries of the world,Total excluding durables and valuable goods,Average per night,Euro,Ireland,2020,97.22,,
ESTAT:TIN00196(1.0),08/05/26 23:00:00,Annual,Total,1 night or over,All countries of the world,Total excluding durables and valuable goods,Average per night,Euro,Ireland,2021,96.14,,
ESTAT:TIN00196(1.0),08/05/26 23:00:00,Annual,Total,1 night or over,All countries of the world,Total excluding durables and valuable goods,Average per night,Euro,Ireland,2022,124.37,,
ESTAT:TIN00196(1.0),08/05/26 23:00:00,Annual,Total,1 night or over,All countries of the world,Total excluding durables and valuable goods,Average per night,Euro,Ireland,2023,142.96,,
ESTAT:TIN00196(1.0),08/05/26 23:00:00,Annual,Total,1 night or over,All countries of the world,Total excluding durables and valuable goods,Average per night,Euro,Ireland,2024,138.01,,
ESTAT:TIN00196(1.0),08/05/26 23:00:00,Annual,Total,1 night or over,All countries of the world,Total excluding durables and valuable goods,Average per night,Euro,Italy,2013,65.11,,
ESTAT:TIN00196(1.0),08/05/26 23:00:00,Annual,Total,1 night or over,All countries of the world,Total excluding durables and valuable goods,Average per night,Euro,Italy,2014,57.02,b,
ESTAT:TIN00196(1.0),08/05/26 23:00:00,Annual,Total,1 night or over,All countries of the world,Total excluding durables and valuable goods,Average per night,Euro,Italy,2015,63.91,,
ESTAT:TIN00196(1.0),08/05/26 23:00:00,Annual,Total,1 night or over,All countries of the world,Total excluding durables and valuable goods,Average per night,Euro,Italy,2016,68.06,,
ESTAT:TIN00196(1.0),08/05/26 23:00:00,Annual,Total,1 night or over,All countries of the world,Total excluding durables and valuable goods,Average per night,Euro,Italy,2017,74.48,,
ESTAT:TIN00196(1.0),08/05/26 23:00:00,Annual,Total,1 night or over,All countries of the world,Total excluding durables and valuable goods,Average per night,Euro,Italy,2018,73.15,,
ESTAT:TIN00196(1.0),08/05/26 23:00:00,Annual,Total,1 night or over,All countries of the world,Total excluding durables and valuable goods,Average per night,Euro,Italy,2019,75.05,,
ESTAT:TIN00196(1.0),08/05/26 23:00:00,Annual,Total,1 night or over,All countries of the world,Total excluding durables and valuable goods,Average per night,Euro,Italy,2020,61.62,,
ESTAT:TIN00196(1.0),08/05/26 23:00:00,Annual,Total,1 night or over,All countries of the world,Total excluding durables and valuable goods,Average per night,Euro,Italy,2021,62.47,,
ESTAT:TIN00196(1.0),08/05/26 23:00:00,Annual,Total,1 night or over,All countries of the world,Total excluding durables and valuable goods,Average per night,Euro,Italy,2022,71.77,,
ESTAT:TIN00196(1.0),08/05/26 23:00:00,Annual,Total,1 night or over,All countries of the world,Total excluding durables and valuable goods,Average per night,Euro,Italy,2023,83.71,,
ESTAT:TIN00196(1.0),08/05/26 23:00:00,Annual,Total,1 night or over,All countries of the world,Total excluding durables and valuable goods,Average per night,Euro,Italy,2024,85.66,,
ESTAT:TIN00196(1.0),08/05/26 23:00:00,Annual,Total,1 night or over,All countries of the world,Total excluding durables and valuable goods,Average per night,Euro,Lithuania,2013,44.69,,
ESTAT:TIN00196(1.0),08/05/26 23:00:00,Annual,Total,1 night or over,All countries of the world,Total excluding durables and valuable goods,Average per night,Euro,Lithuania,2014,48.32,,
ESTAT:TIN00196(1.0),08/05/26 23:00:00,Annual,Total,1 night or over,All countries of the world,Total excluding durables and valuable goods,Average per night,Euro,Lithuania,2015,49.17,,
ESTAT:TIN00196(1.0),08/05/26 23:00:00,Annual,Total,1 night or over,All countries of the world,Total excluding durables and valuable goods,Average per night,Euro,Lithuania,2016,52.84,,
ESTAT:TIN00196(1.0),08/05/26 23:00:00,Annual,Total,1 night or over,All countries of the world,Total excluding durables and valuable goods,Average per night,Euro,Lithuania,2017,54.35,,
ESTAT:TIN00196(1.0),08/05/26 23:00:00,Annual,Total,1 night or over,All countries of the world,Total excluding durables and valuable goods,Average per night,Euro,Lithuania,2018,55.84,,
ESTAT:TIN00196(1.0),08/05/26 23:00:00,Annual,Total,1 night or over,All countries of the world,Total excluding durables and valuable goods,Average per night,Euro,Lithuania,2019,56.59,,
ESTAT:TIN00196(1.0),08/05/26 23:00:00,Annual,Total,1 night or over,All countries of the world,Total excluding durables and valuable goods,Average per night,Euro,Lithuania,2020,51.28,,
ESTAT:TIN00196(1.0),08/05/26 23:00:00,Annual,Total,1 night or over,All countries of the world,Total excluding durables and valuable goods,Average per night,Euro,Lithuania,2021,52.68,,
ESTAT:TIN00196(1.0),08/05/26 23:00:00,Annual,Total,1 night or over,All countries of the world,Total excluding durables and valuable goods,Average per night,Euro,Lithuania,2022,63.26,,
ESTAT:TIN00196(1.0),08/05/26 23:00:00,Annual,Total,1 night or over,All countries of the world,Total excluding durables and valuable goods,Average per night,Euro,Lithuania,2023,64.21,,
ESTAT:TIN00196(1.0),08/05/26 23:00:00,Annual,Total,1 night or over,All countries of the world,Total excluding durables and valuable goods,Average per night,Euro,Lithuania,2024,62.84,,
ESTAT:TIN00196(1.0),08/05/26 23:00:00,Annual,Total,1 night or over,All countries of the world,Total excluding durables and valuable goods,Average per night,Euro,Luxembourg,2013,119.21,,
ESTAT:TIN00196(1.0),08/05/26 23:00:00,Annual,Total,1 night or over,All countries of the world,Total excluding durables and valuable goods,Average per night,Euro,Luxembourg,2014,130.31,,
ESTAT:TIN00196(1.0),08/05/26 23:00:00,Annual,Total,1 night or over,All countries of the world,Total excluding durables and valuable goods,Average per night,Euro,Luxembourg,2015,122.37,,
ESTAT:TIN00196(1.0),08/05/26 23:00:00,Annual,Total,1 night or over,All countries of the world,Total excluding durables and valuable goods,Average per night,Euro,Luxembourg,2016,120.33,,
ESTAT:TIN00196(1.0),08/05/26 23:00:00,Annual,Total,1 night or over,All countries of the world,Total excluding durables and valuable goods,Average per night,Euro,Luxembourg,2017,112.05,,
ESTAT:TIN00196(1.0),08/05/26 23:00:00,Annual,Total,1 night or over,All countries of the world,Total excluding durables and valuable goods,Average per night,Euro,Luxembourg,2018,131.70,,
ESTAT:TIN00196(1.0),08/05/26 23:00:00,Annual,Total,1 night or over,All countries of the world,Total excluding durables and valuable goods,Average per night,Euro,Luxembourg,2019,154.01,,
ESTAT:TIN00196(1.0),08/05/26 23:00:00,Annual,Total,1 night or over,All countries of the world,Total excluding durables and valuable goods,Average per night,Euro,Luxembourg,2020,107.14,,
ESTAT:TIN00196(1.0),08/05/26 23:00:00,Annual,Total,1 night or over,All countries of the world,Total excluding durables and valuable goods,Average per night,Euro,Luxembourg,2021,114.93,,
ESTAT:TIN00196(1.0),08/05/26 23:00:00,Annual,Total,1 night or over,All countries of the world,Total excluding durables and valuable goods,Average per night,Euro,Luxembourg,2022,175.21,,
ESTAT:TIN00196(1.0),08/05/26 23:00:00,Annual,Total,1 night or over,All countries of the world,Total excluding durables and valuable goods,Average per night,Euro,Luxembourg,2023,182.83,,
ESTAT:TIN00196(1.0),08/05/26 23:00:00,Annual,Total,1 night or over,All countries of the world,Total excluding durables and valuable goods,Average per night,Euro,Luxembourg,2024,190.60,,
ESTAT:TIN00196(1.0),08/05/26 23:00:00,Annual,Total,1 night or over,All countries of the world,Total excluding durables and valuable goods,Average per night,Euro,Latvia,2013,39.70,,
ESTAT:TIN00196(1.0),08/05/26 23:00:00,Annual,Total,1 night or over,All countries of the world,Total excluding durables and valuable goods,Average per night,Euro,Latvia,2014,34.66,,
ESTAT:TIN00196(1.0),08/05/26 23:00:00,Annual,Total,1 night or over,All countries of the world,Total excluding durables and valuable goods,Average per night,Euro,Latvia,2015,42.31,,
ESTAT:TIN00196(1.0),08/05/26 23:00:00,Annual,Total,1 night or over,All countries of the world,Total excluding durables and valuable goods,Average per night,Euro,Latvia,2016,36.71,,
ESTAT:TIN00196(1.0),08/05/26 23:00:00,Annual,Total,1 night or over,All countries of the world,Total excluding durables and valuable goods,Average per night,Euro,Latvia,2017,47.01,,
ESTAT:TIN00196(1.0),08/05/26 23:00:00,Annual,Total,1 night or over,All countries of the world,Total excluding durables and valuable goods,Average per night,Euro,Latvia,2018,50.14,,
ESTAT:TIN00196(1.0),08/05/26 23:00:00,Annual,Total,1 night or over,All countries of the world,Total excluding durables and valuable goods,Average per night,Euro,Latvia,2019,59.48,,
ESTAT:TIN00196(1.0),08/05/26 23:00:00,Annual,Total,1 night or over,All countries of the world,Total excluding durables and valuable goods,Average per night,Euro,Latvia,2020,35.65,,
ESTAT:TIN00196(1.0),08/05/26 23:00:00,Annual,Total,1 night or over,All countries of the world,Total excluding durables and valuable goods,Average per night,Euro,Latvia,2021,45.22,,
ESTAT:TIN00196(1.0),08/05/26 23:00:00,Annual,Total,1 night or over,All countries of the world,Total excluding durables and valuable goods,Average per night,Euro,Latvia,2022,63.62,,
ESTAT:TIN00196(1.0),08/05/26 23:00:00,Annual,Total,1 night or over,All countries of the world,Total excluding durables and valuable goods,Average per night,Euro,Latvia,2023,73.49,,
ESTAT:TIN00196(1.0),08/05/26 23:00:00,Annual,Total,1 night or over,All countries of the world,Total excluding durables and valuable goods,Average per night,Euro,Latvia,2024,77.08,,
ESTAT:TIN00196(1.0),08/05/26 23:00:00,Annual,Total,1 night or over,All countries of the world,Total excluding durables and valuable goods,Average per night,Euro,Montenegro,2016,33.20,,
ESTAT:TIN00196(1.0),08/05/26 23:00:00,Annual,Total,1 night or over,All countries of the world,Total excluding durables and valuable goods,Average per night,Euro,Montenegro,2017,38.21,,
ESTAT:TIN00196(1.0),08/05/26 23:00:00,Annual,Total,1 night or over,All countries of the world,Total excluding durables and valuable goods,Average per night,Euro,North Macedonia,2019,34.92,,
ESTAT:TIN00196(1.0),08/05/26 23:00:00,Annual,Total,1 night or over,All countries of the world,Total excluding durables and valuable goods,Average per night,Euro,North Macedonia,2020,30.15,,
ESTAT:TIN00196(1.0),08/05/26 23:00:00,Annual,Total,1 night or over,All countries of the world,Total excluding durables and valuable goods,Average per night,Euro,North Macedonia,2021,38.32,,
ESTAT:TIN00196(1.0),08/05/26 23:00:00,Annual,Total,1 night or over,All countries of the world,Total excluding durables and valuable goods,Average per night,Euro,Malta,2013,118.93,,
ESTAT:TIN00196(1.0),08/05/26 23:00:00,Annual,Total,1 night or over,All countries of the world,Total excluding durables and valuable goods,Average per night,Euro,Malta,2014,112.49,b,
ESTAT:TIN00196(1.0),08/05/26 23:00:00,Annual,Total,1 night or over,All countries of the world,Total excluding durables and valuable goods,Average per night,Euro,Malta,2015,123.75,,
ESTAT:TIN00196(1.0),08/05/26 23:00:00,Annual,Total,1 night or over,All countries of the world,Total excluding durables and valuable goods,Average per night,Euro,Malta,2016,113.78,,
ESTAT:TIN00196(1.0),08/05/26 23:00:00,Annual,Total,1 night or over,All countries of the world,Total excluding durables and valuable goods,Average per night,Euro,Malta,2017,127.98,,
ESTAT:TIN00196(1.0),08/05/26 23:00:00,Annual,Total,1 night or over,All countries of the world,Total excluding durables and valuable goods,Average per night,Euro,Malta,2018,134.10,,
ESTAT:TIN00196(1.0),08/05/26 23:00:00,Annual,Total,1 night or over,All countries of the world,Total excluding durables and valuable goods,Average per night,Euro,Malta,2019,141.83,,
ESTAT:TIN00196(1.0),08/05/26 23:00:00,Annual,Total,1 night or over,All countries of the world,Total excluding durables and valuable goods,Average per night,Euro,Malta,2020,90.01,,
ESTAT:TIN00196(1.0),08/05/26 23:00:00,Annual,Total,1 night or over,All countries of the world,Total excluding durables and valuable goods,Average per night,Euro,Malta,2021,106.15,,
ESTAT:TIN00196(1.0),08/05/26 23:00:00,Annual,Total,1 night or over,All countries of the world,Total excluding durables and valuable goods,Average per night,Euro,Malta,2022,123.14,,
ESTAT:TIN00196(1.0),08/05/26 23:00:00,Annual,Total,1 night or over,All countries of the world,Total excluding durables and valuable goods,Average per night,Euro,Malta,2023,137.22,,
ESTAT:TIN00196(1.0),08/05/26 23:00:00,Annual,Total,1 night or over,All countries of the world,Total excluding durables and valuable goods,Average per night,Euro,Malta,2024,135.09,,
ESTAT:TIN00196(1.0),08/05/26 23:00:00,Annual,Total,1 night or over,All countries of the world,Total excluding durables and valuable goods,Average per night,Euro,Netherlands,2013,56.94,,
ESTAT:TIN00196(1.0),08/05/26 23:00:00,Annual,Total,1 night or over,All countries of the world,Total excluding durables and valuable goods,Average per night,Euro,Netherlands,2014,57.28,,
ESTAT:TIN00196(1.0),08/05/26 23:00:00,Annual,Total,1 night or over,All countries of the world,Total excluding durables and valuable goods,Average per night,Euro,Netherlands,2015,57.26,,
ESTAT:TIN00196(1.0),08/05/26 23:00:00,Annual,Total,1 night or over,All countries of the world,Total excluding durables and valuable goods,Average per night,Euro,Netherlands,2016,59.50,,
ESTAT:TIN00196(1.0),08/05/26 23:00:00,Annual,Total,1 night or over,All countries of the world,Total excluding durables and valuable goods,Average per night,Euro,Netherlands,2017,73.74,,
ESTAT:TIN00196(1.0),08/05/26 23:00:00,Annual,Total,1 night or over,All countries of the world,Total excluding durables and valuable goods,Average per night,Euro,Netherlands,2018,74.07,,
ESTAT:TIN00196(1.0),08/05/26 23:00:00,Annual,Total,1 night or over,All countries of the world,Total excluding durables and valuable goods,Average per night,Euro,Netherlands,2019,75.66,,
ESTAT:TIN00196(1.0),08/05/26 23:00:00,Annual,Total,1 night or over,All countries of the world,Total excluding durables and valuable goods,Average per night,Euro,Netherlands,2020,48.78,,
ESTAT:TIN00196(1.0),08/05/26 23:00:00,Annual,Total,1 night or over,All countries of the world,Total excluding durables and valuable goods,Average per night,Euro,Netherlands,2021,66.92,,
ESTAT:TIN00196(1.0),08/05/26 23:00:00,Annual,Total,1 night or over,All countries of the world,Total excluding durables and valuable goods,Average per night,Euro,Netherlands,2022,79.23,,
ESTAT:TIN00196(1.0),08/05/26 23:00:00,Annual,Total,1 night or over,All countries of the world,Total excluding durables and valuable goods,Average per night,Euro,Netherlands,2023,83.83,,
ESTAT:TIN00196(1.0),08/05/26 23:00:00,Annual,Total,1 night or over,All countries of the world,Total excluding durables and valuable goods,Average per night,Euro,Netherlands,2024,95.84,,
ESTAT:TIN00196(1.0),08/05/26 23:00:00,Annual,Total,1 night or over,All countries of the world,Total excluding durables and valuable goods,Average per night,Euro,Norway,2013,161.67,,
ESTAT:TIN00196(1.0),08/05/26 23:00:00,Annual,Total,1 night or over,All countries of the world,Total excluding durables and valuable goods,Average per night,Euro,Norway,2014,147.96,,
ESTAT:TIN00196(1.0),08/05/26 23:00:00,Annual,Total,1 night or over,All countries of the world,Total excluding durables and valuable goods,Average per night,Euro,Norway,2015,162.63,,
ESTAT:TIN00196(1.0),08/05/26 23:00:00,Annual,Total,1 night or over,All countries of the world,Total excluding durables and valuable goods,Average per night,Euro,Norway,2016,161.38,,
ESTAT:TIN00196(1.0),08/05/26 23:00:00,Annual,Total,1 night or over,All countries of the world,Total excluding durables and valuable goods,Average per night,Euro,Norway,2017,167.85,,
ESTAT:TIN00196(1.0),08/05/26 23:00:00,Annual,Total,1 night or over,All countries of the world,Total excluding durables and valuable goods,Average per night,Euro,Norway,2018,143.95,,
ESTAT:TIN00196(1.0),08/05/26 23:00:00,Annual,Total,1 night or over,All countries of the world,Total excluding durables and valuable goods,Average per night,Euro,Norway,2021,97.93,,
ESTAT:TIN00196(1.0),08/05/26 23:00:00,Annual,Total,1 night or over,All countries of the world,Total excluding durables and valuable goods,Average per night,Euro,Norway,2022,165.95,,
ESTAT:TIN00196(1.0),08/05/26 23:00:00,Annual,Total,1 night or over,All countries of the world,Total excluding durables and valuable goods,Average per night,Euro,Norway,2023,127.40,,
ESTAT:TIN00196(1.0),08/05/26 23:00:00,Annual,Total,1 night or over,All countries of the world,Total excluding durables and valuable goods,Average per night,Euro,Norway,2024,148.56,,
ESTAT:TIN00196(1.0),08/05/26 23:00:00,Annual,Total,1 night or over,All countries of the world,Total excluding durables and valuable goods,Average per night,Euro,Poland,2013,47.12,,
ESTAT:TIN00196(1.0),08/05/26 23:00:00,Annual,Total,1 night or over,All countries of the world,Total excluding durables and valuable goods,Average per night,Euro,Poland,2014,32.42,b,
ESTAT:TIN00196(1.0),08/05/26 23:00:00,Annual,Total,1 night or over,All countries of the world,Total excluding durables and valuable goods,Average per night,Euro,Poland,2015,35.14,,
ESTAT:TIN00196(1.0),08/05/26 23:00:00,Annual,Total,1 night or over,All countries of the world,Total excluding durables and valuable goods,Average per night,Euro,Poland,2016,35.46,,
ESTAT:TIN00196(1.0),08/05/26 23:00:00,Annual,Total,1 night or over,All countries of the world,Total excluding durables and valuable goods,Average per night,Euro,Poland,2017,37.54,,
ESTAT:TIN00196(1.0),08/05/26 23:00:00,Annual,Total,1 night or over,All countries of the world,Total excluding durables and valuable goods,Average per night,Euro,Poland,2018,39.93,,
ESTAT:TIN00196(1.0),08/05/26 23:00:00,Annual,Total,1 night or over,All countries of the world,Total excluding durables and valuable goods,Average per night,Euro,Poland,2019,40.91,,
ESTAT:TIN00196(1.0),08/05/26 23:00:00,Annual,Total,1 night or over,All countries of the world,Total excluding durables and valuable goods,Average per night,Euro,Poland,2020,36.36,,
ESTAT:TIN00196(1.0),08/05/26 23:00:00,Annual,Total,1 night or over,All countries of the world,Total excluding durables and valuable goods,Average per night,Euro,Poland,2021,36.76,,
ESTAT:TIN00196(1.0),08/05/26 23:00:00,Annual,Total,1 night or over,All countries of the world,Total excluding durables and valuable goods,Average per night,Euro,Poland,2022,44.33,,
ESTAT:TIN00196(1.0),08/05/26 23:00:00,Annual,Total,1 night or over,All countries of the world,Total excluding durables and valuable goods,Average per night,Euro,Poland,2023,52.27,,
ESTAT:TIN00196(1.0),08/05/26 23:00:00,Annual,Total,1 night or over,All countries of the world,Total excluding durables and valuable goods,Average per night,Euro,Poland,2024,60.15,,
ESTAT:TIN00196(1.0),08/05/26 23:00:00,Annual,Total,1 night or over,All countries of the world,Total excluding durables and valuable goods,Average per night,Euro,Portugal,2013,22.10,,
ESTAT:TIN00196(1.0),08/05/26 23:00:00,Annual,Total,1 night or over,All countries of the world,Total excluding durables and valuable goods,Average per night,Euro,Portugal,2014,35.20,,
ESTAT:TIN00196(1.0),08/05/26 23:00:00,Annual,Total,1 night or over,All countries of the world,Total excluding durables and valuable goods,Average per night,Euro,Portugal,2015,39.05,,
ESTAT:TIN00196(1.0),08/05/26 23:00:00,Annual,Total,1 night or over,All countries of the world,Total excluding durables and valuable goods,Average per night,Euro,Portugal,2016,36.90,,
ESTAT:TIN00196(1.0),08/05/26 23:00:00,Annual,Total,1 night or over,All countries of the world,Total excluding durables and valuable goods,Average per night,Euro,Portugal,2017,38.54,,
ESTAT:TIN00196(1.0),08/05/26 23:00:00,Annual,Total,1 night or over,All countries of the world,Total excluding durables and valuable goods,Average per night,Euro,Portugal,2018,43.39,,
ESTAT:TIN00196(1.0),08/05/26 23:00:00,Annual,Total,1 night or over,All countries of the world,Total excluding durables and valuable goods,Average per night,Euro,Portugal,2019,49.72,,
ESTAT:TIN00196(1.0),08/05/26 23:00:00,Annual,Total,1 night or over,All countries of the world,Total excluding durables and valuable goods,Average per night,Euro,Portugal,2020,37.50,,
ESTAT:TIN00196(1.0),08/05/26 23:00:00,Annual,Total,1 night or over,All countries of the world,Total excluding durables and valuable goods,Average per night,Euro,Portugal,2021,42.20,,
ESTAT:TIN00196(1.0),08/05/26 23:00:00,Annual,Total,1 night or over,All countries of the world,Total excluding durables and valuable goods,Average per night,Euro,Portugal,2022,56.70,,
ESTAT:TIN00196(1.0),08/05/26 23:00:00,Annual,Total,1 night or over,All countries of the world,Total excluding durables and valuable goods,Average per night,Euro,Portugal,2023,61.37,,
ESTAT:TIN00196(1.0),08/05/26 23:00:00,Annual,Total,1 night or over,All countries of the world,Total excluding durables and valuable goods,Average per night,Euro,Portugal,2024,69.27,,
ESTAT:TIN00196(1.0),08/05/26 23:00:00,Annual,Total,1 night or over,All countries of the world,Total excluding durables and valuable goods,Average per night,Euro,Romania,2013,25.54,,
ESTAT:TIN00196(1.0),08/05/26 23:00:00,Annual,Total,1 night or over,All countries of the world,Total excluding durables and valuable goods,Average per night,Euro,Romania,2014,26.15,,
ESTAT:TIN00196(1.0),08/05/26 23:00:00,Annual,Total,1 night or over,All countries of the world,Total excluding durables and valuable goods,Average per night,Euro,Romania,2015,29.84,,
ESTAT:TIN00196(1.0),08/05/26 23:00:00,Annual,Total,1 night or over,All countries of the world,Total excluding durables and valuable goods,Average per night,Euro,Romania,2016,32.19,,
ESTAT:TIN00196(1.0),08/05/26 23:00:00,Annual,Total,1 night or over,All countries of the world,Total excluding durables and valuable goods,Average per night,Euro,Romania,2017,35.18,,
ESTAT:TIN00196(1.0),08/05/26 23:00:00,Annual,Total,1 night or over,All countries of the world,Total excluding durables and valuable goods,Average per night,Euro,Romania,2018,38.25,,
ESTAT:TIN00196(1.0),08/05/26 23:00:00,Annual,Total,1 night or over,All countries of the world,Total excluding durables and valuable goods,Average per night,Euro,Romania,2019,43.87,,
ESTAT:TIN00196(1.0),08/05/26 23:00:00,Annual,Total,1 night or over,All countries of the world,Total excluding durables and valuable goods,Average per night,Euro,Romania,2020,41.15,,
ESTAT:TIN00196(1.0),08/05/26 23:00:00,Annual,Total,1 night or over,All countries of the world,Total excluding durables and valuable goods,Average per night,Euro,Romania,2021,47.45,,
ESTAT:TIN00196(1.0),08/05/26 23:00:00,Annual,Total,1 night or over,All countries of the world,Total excluding durables and valuable goods,Average per night,Euro,Romania,2022,67.16,,
ESTAT:TIN00196(1.0),08/05/26 23:00:00,Annual,Total,1 night or over,All countries of the world,Total excluding durables and valuable goods,Average per night,Euro,Romania,2023,67.14,,
ESTAT:TIN00196(1.0),08/05/26 23:00:00,Annual,Total,1 night or over,All countries of the world,Total excluding durables and valuable goods,Average per night,Euro,Romania,2024,75.18,,
ESTAT:TIN00196(1.0),08/05/26 23:00:00,Annual,Total,1 night or over,All countries of the world,Total excluding durables and valuable goods,Average per night,Euro,Serbia,2018,41.74,,
ESTAT:TIN00196(1.0),08/05/26 23:00:00,Annual,Total,1 night or over,All countries of the world,Total excluding durables and valuable goods,Average per night,Euro,Sweden,2014,59.91,,
ESTAT:TIN00196(1.0),08/05/26 23:00:00,Annual,Total,1 night or over,All countries of the world,Total excluding durables and valuable goods,Average per night,Euro,Sweden,2015,65.25,,
ESTAT:TIN00196(1.0),08/05/26 23:00:00,Annual,Total,1 night or over,All countries of the world,Total excluding durables and valuable goods,Average per night,Euro,Sweden,2016,55.47,,
ESTAT:TIN00196(1.0),08/05/26 23:00:00,Annual,Total,1 night or over,All countries of the world,Total excluding durables and valuable goods,Average per night,Euro,Sweden,2017,155.97,,
ESTAT:TIN00196(1.0),08/05/26 23:00:00,Annual,Total,1 night or over,All countries of the world,Total excluding durables and valuable goods,Average per night,Euro,Sweden,2018,146.96,,
ESTAT:TIN00196(1.0),08/05/26 23:00:00,Annual,Total,1 night or over,All countries of the world,Total excluding durables and valuable goods,Average per night,Euro,Sweden,2019,140.16,,
ESTAT:TIN00196(1.0),08/05/26 23:00:00,Annual,Total,1 night or over,All countries of the world,Total excluding durables and valuable goods,Average per night,Euro,Sweden,2020,74.61,,
ESTAT:TIN00196(1.0),08/05/26 23:00:00,Annual,Total,1 night or over,All countries of the world,Total excluding durables and valuable goods,Average per night,Euro,Sweden,2021,83.53,,
ESTAT:TIN00196(1.0),08/05/26 23:00:00,Annual,Total,1 night or over,All countries of the world,Total excluding durables and valuable goods,Average per night,Euro,Sweden,2022,112.89,,
ESTAT:TIN00196(1.0),08/05/26 23:00:00,Annual,Total,1 night or over,All countries of the world,Total excluding durables and valuable goods,Average per night,Euro,Sweden,2024,149.78,,
ESTAT:TIN00196(1.0),08/05/26 23:00:00,Annual,Total,1 night or over,All countries of the world,Total excluding durables and valuable goods,Average per night,Euro,Slovenia,2013,52.19,,
ESTAT:TIN00196(1.0),08/05/26 23:00:00,Annual,Total,1 night or over,All countries of the world,Total excluding durables and valuable goods,Average per night,Euro,Slovenia,2014,55.78,,
ESTAT:TIN00196(1.0),08/05/26 23:00:00,Annual,Total,1 night or over,All countries of the world,Total excluding durables and valuable goods,Average per night,Euro,Slovenia,2015,53.71,,
ESTAT:TIN00196(1.0),08/05/26 23:00:00,Annual,Total,1 night or over,All countries of the world,Total excluding durables and valuable goods,Average per night,Euro,Slovenia,2016,53.95,,
ESTAT:TIN00196(1.0),08/05/26 23:00:00,Annual,Total,1 night or over,All countries of the world,Total excluding durables and valuable goods,Average per night,Euro,Slovenia,2017,57.64,,
ESTAT:TIN00196(1.0),08/05/26 23:00:00,Annual,Total,1 night or over,All countries of the world,Total excluding durables and valuable goods,Average per night,Euro,Slovenia,2018,61.24,,
ESTAT:TIN00196(1.0),08/05/26 23:00:00,Annual,Total,1 night or over,All countries of the world,Total excluding durables and valuable goods,Average per night,Euro,Slovenia,2019,61.99,,
ESTAT:TIN00196(1.0),08/05/26 23:00:00,Annual,Total,1 night or over,All countries of the world,Total excluding durables and valuable goods,Average per night,Euro,Slovenia,2020,39.17,,
ESTAT:TIN00196(1.0),08/05/26 23:00:00,Annual,Total,1 night or over,All countries of the world,Total excluding durables and valuable goods,Average per night,Euro,Slovenia,2021,69.22,,
ESTAT:TIN00196(1.0),08/05/26 23:00:00,Annual,Total,1 night or over,All countries of the world,Total excluding durables and valuable goods,Average per night,Euro,Slovenia,2022,75.11,,
ESTAT:TIN00196(1.0),08/05/26 23:00:00,Annual,Total,1 night or over,All countries of the world,Total excluding durables and valuable goods,Average per night,Euro,Slovenia,2023,87.48,,
ESTAT:TIN00196(1.0),08/05/26 23:00:00,Annual,Total,1 night or over,All countries of the world,Total excluding durables and valuable goods,Average per night,Euro,Slovenia,2024,92.90,,
ESTAT:TIN00196(1.0),08/05/26 23:00:00,Annual,Total,1 night or over,All countries of the world,Total excluding durables and valuable goods,Average per night,Euro,Slovakia,2013,54.38,b,
ESTAT:TIN00196(1.0),08/05/26 23:00:00,Annual,Total,1 night or over,All countries of the world,Total excluding durables and valuable goods,Average per night,Euro,Slovakia,2014,58.03,,
ESTAT:TIN00196(1.0),08/05/26 23:00:00,Annual,Total,1 night or over,All countries of the world,Total excluding durables and valuable goods,Average per night,Euro,Slovakia,2015,57.91,,
ESTAT:TIN00196(1.0),08/05/26 23:00:00,Annual,Total,1 night or over,All countries of the world,Total excluding durables and valuable goods,Average per night,Euro,Slovakia,2016,55.34,,
ESTAT:TIN00196(1.0),08/05/26 23:00:00,Annual,Total,1 night or over,All countries of the world,Total excluding durables and valuable goods,Average per night,Euro,Slovakia,2017,61.91,,
ESTAT:TIN00196(1.0),08/05/26 23:00:00,Annual,Total,1 night or over,All countries of the world,Total excluding durables and valuable goods,Average per night,Euro,Slovakia,2018,58.24,,
ESTAT:TIN00196(1.0),08/05/26 23:00:00,Annual,Total,1 night or over,All countries of the world,Total excluding durables and valuable goods,Average per night,Euro,Slovakia,2019,60.91,,
ESTAT:TIN00196(1.0),08/05/26 23:00:00,Annual,Total,1 night or over,All countries of the world,Total excluding durables and valuable goods,Average per night,Euro,Slovakia,2020,48.27,,
ESTAT:TIN00196(1.0),08/05/26 23:00:00,Annual,Total,1 night or over,All countries of the world,Total excluding durables and valuable goods,Average per night,Euro,Slovakia,2021,55.23,,
ESTAT:TIN00196(1.0),08/05/26 23:00:00,Annual,Total,1 night or over,All countries of the world,Total excluding durables and valuable goods,Average per night,Euro,Slovakia,2022,71.90,,
ESTAT:TIN00196(1.0),08/05/26 23:00:00,Annual,Total,1 night or over,All countries of the world,Total excluding durables and valuable goods,Average per night,Euro,Slovakia,2023,82.36,,
ESTAT:TIN00196(1.0),08/05/26 23:00:00,Annual,Total,1 night or over,All countries of the world,Total excluding durables and valuable goods,Average per night,Euro,Slovakia,2024,95.82,,
ESTAT:TIN00196(1.0),08/05/26 23:00:00,Annual,Total,1 night or over,All countries of the world,Total excluding durables and valuable goods,Average per night,Euro,United Kingdom,2013,69.25,,
